-- phpMyAdmin SQL Dump
-- version 5.2.1
-- https://www.phpmyadmin.net/
--
-- Servidor: 127.0.0.1
-- Tiempo de generación: 02-08-2024 a las 20:39:57
-- Versión del servidor: 10.4.32-MariaDB
-- Versión de PHP: 8.2.12

SET SQL_MODE = "NO_AUTO_VALUE_ON_ZERO";
START TRANSACTION;
SET time_zone = "+00:00";


/*!40101 SET @OLD_CHARACTER_SET_CLIENT=@@CHARACTER_SET_CLIENT */;
/*!40101 SET @OLD_CHARACTER_SET_RESULTS=@@CHARACTER_SET_RESULTS */;
/*!40101 SET @OLD_COLLATION_CONNECTION=@@COLLATION_CONNECTION */;
/*!40101 SET NAMES utf8mb4 */;

--
-- Base de datos: `negocio`
--

-- --------------------------------------------------------

--
-- Estructura de tabla para la tabla `clientes`
--

CREATE TABLE `clientes` (
  `id` int(11) NOT NULL,
  `nombre` varchar(100) NOT NULL,
  `email` varchar(100) NOT NULL,
  `telefono` varchar(20) DEFAULT NULL,
  `direccion` varchar(255) DEFAULT NULL
) ENGINE=InnoDB DEFAULT CHARSET=utf8mb4 COLLATE=utf8mb4_general_ci;

--
-- Volcado de datos para la tabla `clientes`
--

INSERT INTO `clientes` (`id`, `nombre`, `email`, `telefono`, `direccion`) VALUES
(1, 'Juan Pérez', 'juan.perez@example.com', '555-1234', 'Calle Falsa 123'),
(2, 'María García', 'maria.garcia@example.com', '555-5678', 'Avenida Siempre Viva 456'),
(3, 'Elias I Alasia', 'elias@hotmail.com', '333-456-0707', 'Calle Falsa 234');

-- --------------------------------------------------------

--
-- Estructura de tabla para la tabla `compras`
--

CREATE TABLE `compras` (
  `id` int(11) NOT NULL,
  `proveedor_id` int(11) DEFAULT NULL,
  `total` decimal(10,2) NOT NULL,
  `fecha` timestamp NOT NULL DEFAULT current_timestamp()
) ENGINE=InnoDB DEFAULT CHARSET=utf8mb4 COLLATE=utf8mb4_general_ci;

--
-- Volcado de datos para la tabla `compras`
--

INSERT INTO `compras` (`id`, `proveedor_id`, `total`, `fecha`) VALUES
(1, 1, 500.00, '2024-08-01 21:29:34'),
(2, 2, 1000.00, '2024-08-01 21:29:34'),
(5, 2, 69.00, '2024-08-02 18:24:24');

-- --------------------------------------------------------

--
-- Estructura de tabla para la tabla `detalle_compra`
--

CREATE TABLE `detalle_compra` (
  `id` int(11) NOT NULL,
  `compra_id` int(11) DEFAULT NULL,
  `producto_id` int(11) DEFAULT NULL,
  `cantidad` int(11) NOT NULL,
  `precio` decimal(10,2) NOT NULL
) ENGINE=InnoDB DEFAULT CHARSET=utf8mb4 COLLATE=utf8mb4_general_ci;

--
-- Volcado de datos para la tabla `detalle_compra`
--

INSERT INTO `detalle_compra` (`id`, `compra_id`, `producto_id`, `cantidad`, `precio`) VALUES
(5, 1, 1, 50, 9.99),
(6, 1, 2, 30, 19.99),
(7, 2, 1, 100, 9.50),
(8, 2, 2, 70, 19.50),
(9, 5, 2, 55, 79.00);

-- --------------------------------------------------------

--
-- Estructura de tabla para la tabla `detalle_venta`
--

CREATE TABLE `detalle_venta` (
  `id` int(11) NOT NULL,
  `venta_id` int(11) DEFAULT NULL,
  `producto_id` int(11) DEFAULT NULL,
  `cantidad` int(11) NOT NULL,
  `precio` decimal(10,2) NOT NULL
) ENGINE=InnoDB DEFAULT CHARSET=utf8mb4 COLLATE=utf8mb4_general_ci;

--
-- Volcado de datos para la tabla `detalle_venta`
--

INSERT INTO `detalle_venta` (`id`, `venta_id`, `producto_id`, `cantidad`, `precio`) VALUES
(1, 1, 1, 5, 10.99),
(2, 1, 2, 3, 20.50),
(3, 2, 1, 10, 10.99),
(4, 2, 2, 5, 20.50);

-- --------------------------------------------------------

--
-- Estructura de tabla para la tabla `productos`
--

CREATE TABLE `productos` (
  `id` int(11) NOT NULL,
  `nombre` varchar(100) NOT NULL,
  `descripcion` text DEFAULT NULL,
  `precio` decimal(10,2) NOT NULL,
  `cantidad` int(11) NOT NULL
) ENGINE=InnoDB DEFAULT CHARSET=utf8mb4 COLLATE=utf8mb4_general_ci;

--
-- Volcado de datos para la tabla `productos`
--

INSERT INTO `productos` (`id`, `nombre`, `descripcion`, `precio`, `cantidad`) VALUES
(1, 'Producto A', 'Descripción del Producto A', 10.99, 100),
(2, 'Producto B', 'Descripción del Producto B', 20.50, 255);

-- --------------------------------------------------------

--
-- Estructura de tabla para la tabla `proveedores`
--

CREATE TABLE `proveedores` (
  `id` int(11) NOT NULL,
  `nombre` varchar(100) NOT NULL,
  `contacto` varchar(100) DEFAULT NULL
) ENGINE=InnoDB DEFAULT CHARSET=utf8mb4 COLLATE=utf8mb4_general_ci;

--
-- Volcado de datos para la tabla `proveedores`
--

INSERT INTO `proveedores` (`id`, `nombre`, `contacto`) VALUES
(1, 'Proveedor 1', 'contacto1@example.com'),
(2, 'Proveedor 2', 'contacto2@example.com');

-- --------------------------------------------------------

--
-- Estructura de tabla para la tabla `ventas`
--

CREATE TABLE `ventas` (
  `id` int(11) NOT NULL,
  `cliente_id` int(11) DEFAULT NULL,
  `total` decimal(10,2) NOT NULL,
  `fecha` timestamp NOT NULL DEFAULT current_timestamp()
) ENGINE=InnoDB DEFAULT CHARSET=utf8mb4 COLLATE=utf8mb4_general_ci;

--
-- Volcado de datos para la tabla `ventas`
--

INSERT INTO `ventas` (`id`, `cliente_id`, `total`, `fecha`) VALUES
(1, 1, 109.90, '2024-08-01 21:29:23'),
(2, 2, 205.00, '2024-08-01 21:29:23'),
(5, 3, 0.00, '2024-08-02 14:54:08'),
(6, 3, 599.00, '2024-08-02 14:54:17');

--
-- Índices para tablas volcadas
--

--
-- Indices de la tabla `clientes`
--
ALTER TABLE `clientes`
  ADD PRIMARY KEY (`id`);

--
-- Indices de la tabla `compras`
--
ALTER TABLE `compras`
  ADD PRIMARY KEY (`id`),
  ADD KEY `proveedor_id` (`proveedor_id`);

--
-- Indices de la tabla `detalle_compra`
--
ALTER TABLE `detalle_compra`
  ADD PRIMARY KEY (`id`),
  ADD KEY `compra_id` (`compra_id`),
  ADD KEY `producto_id` (`producto_id`);

--
-- Indices de la tabla `detalle_venta`
--
ALTER TABLE `detalle_venta`
  ADD PRIMARY KEY (`id`),
  ADD KEY `venta_id` (`venta_id`),
  ADD KEY `producto_id` (`producto_id`);

--
-- Indices de la tabla `productos`
--
ALTER TABLE `productos`
  ADD PRIMARY KEY (`id`);

--
-- Indices de la tabla `proveedores`
--
ALTER TABLE `proveedores`
  ADD PRIMARY KEY (`id`);

--
-- Indices de la tabla `ventas`
--
ALTER TABLE `ventas`
  ADD PRIMARY KEY (`id`),
  ADD KEY `cliente_id` (`cliente_id`);

--
-- AUTO_INCREMENT de las tablas volcadas
--

--
-- AUTO_INCREMENT de la tabla `clientes`
--
ALTER TABLE `clientes`
  MODIFY `id` int(11) NOT NULL AUTO_INCREMENT, AUTO_INCREMENT=4;

--
-- AUTO_INCREMENT de la tabla `compras`
--
ALTER TABLE `compras`
  MODIFY `id` int(11) NOT NULL AUTO_INCREMENT, AUTO_INCREMENT=6;

--
-- AUTO_INCREMENT de la tabla `detalle_compra`
--
ALTER TABLE `detalle_compra`
  MODIFY `id` int(11) NOT NULL AUTO_INCREMENT, AUTO_INCREMENT=10;

--
-- AUTO_INCREMENT de la tabla `detalle_venta`
--
ALTER TABLE `detalle_venta`
  MODIFY `id` int(11) NOT NULL AUTO_INCREMENT, AUTO_INCREMENT=5;

--
-- AUTO_INCREMENT de la tabla `productos`
--
ALTER TABLE `productos`
  MODIFY `id` int(11) NOT NULL AUTO_INCREMENT, AUTO_INCREMENT=3;

--
-- AUTO_INCREMENT de la tabla `proveedores`
--
ALTER TABLE `proveedores`
  MODIFY `id` int(11) NOT NULL AUTO_INCREMENT, AUTO_INCREMENT=3;

--
-- AUTO_INCREMENT de la tabla `ventas`
--
ALTER TABLE `ventas`
  MODIFY `id` int(11) NOT NULL AUTO_INCREMENT, AUTO_INCREMENT=7;

--
-- Restricciones para tablas volcadas
--

--
-- Filtros para la tabla `compras`
--
ALTER TABLE `compras`
  ADD CONSTRAINT `compras_ibfk_1` FOREIGN KEY (`proveedor_id`) REFERENCES `proveedores` (`id`) ON DELETE SET NULL;

--
-- Filtros para la tabla `detalle_compra`
--
ALTER TABLE `detalle_compra`
  ADD CONSTRAINT `detalle_compra_ibfk_1` FOREIGN KEY (`compra_id`) REFERENCES `compras` (`id`) ON DELETE CASCADE,
  ADD CONSTRAINT `detalle_compra_ibfk_2` FOREIGN KEY (`producto_id`) REFERENCES `productos` (`id`) ON DELETE CASCADE;

--
-- Filtros para la tabla `detalle_venta`
--
ALTER TABLE `detalle_venta`
  ADD CONSTRAINT `detalle_venta_ibfk_1` FOREIGN KEY (`venta_id`) REFERENCES `ventas` (`id`) ON DELETE CASCADE,
  ADD CONSTRAINT `detalle_venta_ibfk_2` FOREIGN KEY (`producto_id`) REFERENCES `productos` (`id`) ON DELETE CASCADE;

--
-- Filtros para la tabla `ventas`
--
ALTER TABLE `ventas`
  ADD CONSTRAINT `ventas_ibfk_1` FOREIGN KEY (`cliente_id`) REFERENCES `clientes` (`id`) ON DELETE SET NULL;
COMMIT;

/*!40101 SET CHARACTER_SET_CLIENT=@OLD_CHARACTER_SET_CLIENT */;
/*!40101 SET CHARACTER_SET_RESULTS=@OLD_CHARACTER_SET_RESULTS */;
/*!40101 SET COLLATION_CONNECTION=@OLD_COLLATION_CONNECTION */;
